{
  "loss": [
    0.5822376608848572,
    0.5316202640533447,
    0.510506808757782,
    0.4954892694950104,
    0.4833355247974396,
    0.4682810604572296,
    0.45636114478111267,
    0.4432167112827301,
    0.431886225938797,
    0.41974154114723206,
    0.4094986915588379,
    0.39968642592430115,
    0.3891158699989319,
    0.3793303668498993,
    0.37096107006073,
    0.3631134629249573,
    0.35881534218788147,
    0.3504102826118469,
    0.344495952129364,
    0.3386540412902832,
    0.3327843248844147,
    0.3263244330883026,
    0.3222363293170929,
    0.3175579011440277,
    0.3105282187461853,
    0.30780401825904846,
    0.3039184808731079,
    0.3000374436378479,
    0.2939643859863281,
    0.2904798686504364,
    0.288766473531723,
    0.28350287675857544,
    0.2808564603328705,
    0.2793366014957428,
    0.27525874972343445,
    0.27258479595184326,
    0.2526414692401886,
    0.2456503063440323,
    0.2412857711315155,
    0.2400231659412384,
    0.2399374395608902,
    0.23562325537204742,
    0.23472587764263153,
    0.23403681814670563,
    0.23095038533210754,
    0.22997575998306274,
    0.21833662688732147,
    0.21552659571170807,
    0.21649904549121857,
    0.21330486238002777
  ],
  "roc_auc": [
    0.7651181817054749,
    0.8129042983055115,
    0.8301356434822083,
    0.8412816524505615,
    0.8500140309333801,
    0.8597241044044495,
    0.8675530552864075,
    0.875080943107605,
    0.8815479874610901,
    0.8883081078529358,
    0.8934733867645264,
    0.8982903361320496,
    0.9033310413360596,
    0.9078386425971985,
    0.9117650985717773,
    0.9150505065917969,
    0.9166491031646729,
    0.9204349517822266,
    0.9222575426101685,
    0.9247336983680725,
    0.9268744587898254,
    0.9293013215065002,
    0.930536687374115,
    0.9321000576019287,
    0.9346263408660889,
    0.93523108959198,
    0.9366070628166199,
    0.9377806186676025,
    0.9397507905960083,
    0.9409583806991577,
    0.9414705634117126,
    0.9429665803909302,
    0.9440391063690186,
    0.9443557262420654,
    0.9456174373626709,
    0.9462577700614929,
    0.9517657160758972,
    0.9534673094749451,
    0.9546698927879333,
    0.9549354910850525,
    0.9551244378089905,
    0.9561430811882019,
    0.9562149047851562,
    0.9566237330436707,
    0.9570432901382446,
    0.957680881023407,
    0.95984947681427,
    0.9607364535331726,
    0.9608044624328613,
    0.9614430665969849
  ],
  "pr_auc": [
    0.07214261591434479,
    0.09009739011526108,
    0.10115991532802582,
    0.10627700388431549,
    0.11416099965572357,
    0.12115541100502014,
    0.1289868950843811,
    0.13349126279354095,
    0.13762669265270233,
    0.14475643634796143,
    0.15002819895744324,
    0.15590892732143402,
    0.1608152687549591,
    0.1667521744966507,
    0.17029616236686707,
    0.17375771701335907,
    0.17525731027126312,
    0.18247917294502258,
    0.18222086131572723,
    0.19011752307415009,
    0.19150294363498688,
    0.19791549444198608,
    0.20159456133842468,
    0.20038464665412903,
    0.20668020844459534,
    0.2096860706806183,
    0.20672839879989624,
    0.21064983308315277,
    0.21172325313091278,
    0.2177487313747406,
    0.22062356770038605,
    0.21991665661334991,
    0.22467666864395142,
    0.2248183786869049,
    0.2247457057237625,
    0.22396013140678406,
    0.24211207032203674,
    0.24736879765987396,
    0.2492891252040863,
    0.2497815042734146,
    0.25092798471450806,
    0.25639063119888306,
    0.2547433078289032,
    0.25842228531837463,
    0.2585110068321228,
    0.2597312033176422,
    0.26539674401283264,
    0.26909035444259644,
    0.2679283022880554,
    0.27087119221687317
  ],
  "precision": [
    0.04501502588391304,
    0.05337009206414223,
    0.05546187609434128,
    0.05715371295809746,
    0.0590425580739975,
    0.06077048182487488,
    0.06241828575730324,
    0.06448175013065338,
    0.0663435161113739,
    0.06847719848155975,
    0.07016534358263016,
    0.0717783123254776,
    0.07331910729408264,
    0.07468075305223465,
    0.07714933902025223,
    0.0777902603149414,
    0.07884201407432556,
    0.08025864511728287,
    0.08182501047849655,
    0.08237007260322571,
    0.0831957757472992,
    0.08503852784633636,
    0.08589010685682297,
    0.08644607663154602,
    0.08900925517082214,
    0.0886676087975502,
    0.08970265835523605,
    0.08983872085809708,
    0.0920400321483612,
    0.0932929739356041,
    0.09305465221405029,
    0.0949903354048729,
    0.09603973478078842,
    0.09637007862329483,
    0.09774147719144821,
    0.09872041642665863,
    0.10613297671079636,
    0.10781743377447128,
    0.11020168662071228,
    0.10991590470075607,
    0.10991664230823517,
    0.11201715469360352,
    0.11178550124168396,
    0.11329983919858932,
    0.11414600163698196,
    0.11469703912734985,
    0.12064051628112793,
    0.12215249985456467,
    0.12240832298994064,
    0.12425383180379868
  ],
  "recall": [
    0.6753746271133423,
    0.7290810346603394,
    0.7589179277420044,
    0.7780135273933411,
    0.7927330732345581,
    0.808712363243103,
    0.8166688680648804,
    0.830327570438385,
    0.8403394818305969,
    0.8461079597473145,
    0.857313334941864,
    0.8621535897254944,
    0.8726296424865723,
    0.8790611028671265,
    0.8817132711410522,
    0.890796959400177,
    0.8931176066398621,
    0.8986871838569641,
    0.9031295776367188,
    0.9076382517814636,
    0.9089643359184265,
    0.9140034317970276,
    0.9161914587020874,
    0.9193077683448792,
    0.9228882193565369,
    0.927529513835907,
    0.9295186400413513,
    0.9303805828094482,
    0.933032751083374,
    0.9360164403915405,
    0.9369447231292725,
    0.9417849183082581,
    0.9411218762397766,
    0.9410555362701416,
    0.9457631707191467,
    0.9443044662475586,
    0.9546478986740112,
    0.9571675062179565,
    0.9596870541572571,
    0.9593555331230164,
    0.9599522352218628,
    0.9627370238304138,
    0.9622728824615479,
    0.9629359245300293,
    0.9642620086669922,
    0.9635326862335205,
    0.9710913896560669,
    0.9706272482872009,
    0.9696326851844788,
    0.9716218113899231
  ],
  "val_loss": [
    0.5855759978294373,
    0.5263330936431885,
    0.5120185613632202,
    0.45332786440849304,
    0.537419855594635,
    0.463725745677948,
    0.4400686025619507,
    0.43809157609939575,
    0.4182509481906891,
    0.3977651000022888,
    0.4644996225833893,
    0.41280120611190796,
    0.3849853575229645,
    0.3800295293331146,
    0.41197749972343445,
    0.38810181617736816,
    0.3878874182701111,
    0.3289684057235718,
    0.40303513407707214,
    0.3855743706226349,
    0.3937655985355377,
    0.37236180901527405,
    0.4081073999404907,
    0.3462393581867218,
    0.3551363945007324,
    0.3709183633327484,
    0.34347519278526306,
    0.34897294640541077,
    0.32054421305656433,
    0.3317089378833771,
    0.3383241891860962,
    0.350066214799881,
    0.32890719175338745,
    0.3476881980895996,
    0.3538258373737335,
    0.31435152888298035,
    0.34038907289505005,
    0.32467785477638245,
    0.3080577850341797,
    0.3026857078075409,
    0.3152158260345459,
    0.3076920807361603,
    0.2856573760509491,
    0.30261072516441345,
    0.3051595687866211,
    0.31753361225128174,
    0.2811116576194763,
    0.3025301992893219,
    0.3055714964866638,
    0.29456523060798645
  ],